"","DUR_12","DUR_24","DUR_36","DUR_48","DUR_60","DUR_72","DUR_84","DUR_96","DUR_108","DUR_120","DUR_132","DUR_144","DUR_156","DUR_168","DUR_180","DUR_192","DUR_204","DUR_216","DUR_228","DUR_240","DUR_252","DUR_264","DUR_276","DUR_288","DUR_300","DUR_312","DUR_324","DUR_336","DUR_348","DUR_360"
"AEG1",78262.3975283399,82058.5445567867,86118.2739594522,89374.1546331171,90002.7090791437,86511.6135767815,78707.7882379182,69680.2920901607,63715.5987391639,61232.6985751417,58970.646516224,57021.990201125,58167.0873309473,NA,63171.5828844789,67823.8622551712,67509.4440046061,62729.4167244726,58970.0776985376,59884.2301295935,64288.6319267066,68741.366457204,73173.0907068678,80000.6387421842,90860.2797748046,102283.305664007,107085.674857336,104897.982604899,100935.470812704,98490.4027390388
"AEG10",74750.0470246169,80295.84248609,85704.7276585596,89313.130499872,89636.3318385051,86447.5796236718,81907.8228761829,77469.2025572926,72201.3463508231,65798.6088883276,58790.5206026143,53052.2844757536,50858.402615427,NA,51190.0404763001,53460.5238042537,58076.0382110981,63941.1932812306,69098.7522770972,72887.9708794368,75016.5213457144,75788.7057925216,77269.3071447587,80300.9283358853,83937.2196913677,86105.5209481431,86809.623103656,86662.1153721026,85626.8842103525,84068.8305603736
"AEG11",71978.1635267207,74179.9050691935,78064.9492779525,82049.8652970625,84213.2806301847,83319.0549018583,78736.5353123378,70238.0026760409,60735.3503082748,53270.8479981119,48817.1078817641,46450.7537901794,45679.2732083171,NA,46181.4864431822,47470.3818375839,49394.9509909449,51747.0277752161,54199.7084197067,55362.3651911424,55563.9961529362,55358.5665373928,56498.8460651026,59581.9742922627,65809.2371864769,71577.7184143819,72168.0873222676,68249.0134764581,65099.4361537956,65137.4159291586
"AEG12",88260.737983941,90572.6526226995,91533.0736657691,90385.8177197227,89175.0725343055,87993.1299449307,84475.845045981,76962.0064357827,68053.1757450734,61122.0184303664,55204.2278327204,49914.9883506689,44995.1109032877,NA,43163.3865696244,47815.2099578719,56423.2680813714,65742.1079467528,72370.982590809,74430.9655649937,74129.4585015028,73745.8766745861,76241.4575049528,82096.7924260763,92310.378321743,100130.581906027,99826.3366426816,95323.092683297,92729.8152934076,92849.8625828091
"AEG13",88720.4626357089,90680.2037586345,91127.202935121,89477.4281166012,86789.6624006906,83350.7224069851,77948.0099075633,70614.8022262765,62990.5409793235,56001.9239218575,50326.6186794328,46810.4484027856,45816.0925538143,NA,46620.180353145,48632.9991648713,50246.4926921776,50455.900534914,49338.0628470414,48492.9731716569,48574.5060022705,49160.4154579115,53612.5500564109,62516.4432178677,74713.9005218053,84100.0944496023,88734.5411677327,90211.6390610854,90028.871435202,89003.6422343393
"AEG14",93928.9151728981,95458.6386828481,96197.1982206222,95634.1368538098,94265.6880564549,91918.3215407906,87778.3106335595,81209.1909352152,73511.4342221003,65592.8287478971,57573.9869995645,50401.1404362372,45572.4926743841,NA,44525.252960389,48639.3606139605,55647.7348469235,62067.7930562284,64919.2252668122,66030.8075216902,68859.3996173176,74123.967278973,79200.2679517827,82625.1233900595,84464.2369402875,84827.9327954145,84859.7491014171,85491.2441923819,86964.9340226834,88668.280073115
"AEG15",83526.5789845847,88941.9314269415,92367.902620593,92318.1149012322,89375.8539334876,85650.7558556409,81028.7179482536,74451.1722492745,66696.3931579665,60745.239082572,57356.8326181669,55853.255330539,56514.6840038161,NA,57067.3675032482,55336.1412363334,52813.3595686399,53094.3158032577,56485.5974238976,60774.4324525627,65108.5993052397,69216.1195270641,72354.9565529592,73861.0439546815,74721.2003981256,75581.5545787064,76537.6571335379,77591.7972448399,79315.0862546049,81513.4057517456
"AEG16",99554.9857211494,102996.174958732,107322.121602559,110016.603921068,108167.67085285,101687.244225906,90477.9524727194,75686.5977357549,63045.4131455132,56937.0866646577,56756.3693174143,58465.3653956165,58673.8047205108,NA,57458.3841527491,55560.5382772196,51728.5222453136,47592.8254172673,45591.0875947745,47637.0107960302,53895.9096075531,64518.5656292567,75565.7989806506,82137.4008583506,83578.965639005,82665.8260219666,81491.2690048628,79508.9511949681,76652.8292463717,74051.787920017
"AEG17",83651.9777227829,86069.4713112363,88875.1748460685,91969.0043790572,93900.3196932899,93155.2567581831,88581.1385162373,79798.0037798166,68183.8971172947,57502.3455939602,50756.8988446098,49457.5785037251,52691.1996970245,NA,58085.9449854226,63473.5343385519,67285.8405657749,69870.1145239595,72082.9556849155,73927.3104548773,74873.3376806296,75234.7727121811,76449.0527099566,79017.3747056335,81874.7371910295,82231.9452120061,80136.2943146813,77404.3286022214,76199.1173319842,76932.4647411788
"AEG18",100945.63598471,102082.232386464,102978.129246301,101902.716419762,97626.5432902677,91593.6594543355,84188.1952526183,75223.6419803326,66238.96827696,58956.4181055852,54894.5855842442,55277.8078479471,59816.7956490933,NA,65460.0955018606,67243.4392520206,64735.3973459287,60803.6581312818,59003.1758761809,61149.3679538085,66067.7601575839,70325.2692299964,73040.2663838024,75692.7202308511,79399.7365535585,82606.6689105723,85561.3967299075,86525.7297615287,84818.7636792414,82439.6459136863
"AEG19",76627.7734450799,79732.0057866344,81331.5790791104,81320.6222311151,80354.3254219841,78797.3768157594,76605.4316185653,73538.7267832231,69900.777260707,64863.3798905154,60146.9006996442,56595.1285633109,54187.8516415648,NA,53322.9536984894,54008.3232228423,56204.2992557424,58096.1875503101,58593.9588122517,58143.4002439934,58563.8774312337,60613.0155831942,64754.5543130517,69342.6469379962,73344.3682756578,75497.1091076863,76684.5791033874,77310.9320469978,78525.5193623642,80801.845752329
"AEG2",65863.4182820919,68592.4209058936,72321.5038414896,74795.2216263906,73320.2750418389,68712.0124743577,62627.432246945,57145.6067843344,53457.7095942526,52088.8709475844,51738.6447950674,51431.2763612757,51877.3576175883,NA,52575.2798945418,54117.1335376509,57237.9008305342,61318.5245608097,63962.2381457499,63922.0959013491,62764.4878043791,62738.4828591071,64936.9177700424,67623.3521866152,68424.3697142524,66355.4987816538,63323.8998897796,62565.8828385241,64356.8416475622,66620.4310161041
"AEG20",44151.248087518,46874.6137204854,50067.9356943677,53178.0334510421,54960.7785844837,54984.6730062293,52733.5747959434,48843.5280679567,44774.2560494145,41121.2872527539,38269.09817929,36823.617335904,37979.8144448693,NA,41824.4354991954,46445.3498749849,49829.3324183512,51339.9585310511,50878.7891349134,50025.4880757505,50180.2261852812,50656.1396832543,49564.122874636,47084.7311138881,44091.038519018,41418.4300848501,39348.9869266442,37984.1132449818,36770.8207274904,35451.7260056258
"AEG21",74677.1970266881,79257.1030902297,84199.9367183815,87468.6100372463,87737.6293751529,86259.0545221808,83111.9648120385,78025.7666567308,71954.0198649276,65926.2838174351,59048.2712490961,50925.7247630866,43538.7079783577,NA,40660.7077716338,43056.0594095855,48522.49763696,52534.302142343,53533.5701592194,54817.2124662499,58418.085551065,62274.3775977158,64945.5566900509,66469.4383831358,69501.7492421635,72730.6654902577,73433.8076875166,71847.5350710287,71052.7460266283,72099.7668445621
"AEG22",85496.1429743499,86285.9114628938,85641.2042300594,82860.3471448325,79164.8264762711,77155.9008101611,76864.3638933069,76339.2046318623,73982.806844285,69706.6928185987,64629.5297708344,61163.0809337466,60441.2637108772,NA,61423.1197605361,63924.6859987678,67628.2103538316,71340.8185741125,72849.999243326,72281.9005888872,70690.2857837752,69178.07028836,68006.6077849075,67215.4764758299,68393.960453175,69452.9637372789,70277.2069636999,71214.6071554425,73413.0019427097,76692.8529684478
"AEG23",85382.2082046707,85645.0858481389,86996.6960594936,88869.5975317408,90111.7337979574,88963.5090565888,84958.6297959608,79046.4262540307,72750.6323314778,67148.4744475711,62419.0522843936,59314.4532589149,58812.1890338152,NA,60030.8347200041,61413.6993004368,61440.0708245951,59140.7834340244,55545.1760723634,52569.3616877879,53168.7347861147,57399.4481258114,63794.0244213322,69262.6318818163,73773.8607788086,77503.7209330048,80430.1633903703,82241.3999461066,83525.8203949978,84805.3422633198
"AEG24",77116.8432573527,79123.4082873844,81540.7532715631,82539.0683007031,81235.5497259428,78677.0821157299,74940.7476374193,69702.0362362842,63651.7891441529,58673.6356025401,55817.3725618191,55788.9700761936,58909.795636426,NA,60931.8776594245,58507.5063425909,52917.2436806999,48214.774902872,47497.5700821884,51570.1047914919,55912.1367837202,57717.6866896802,59946.4397472968,64680.2948377746,70602.2411882644,74007.8485829459,73111.8246643088,69780.9585709527,67101.9424484583,66083.9360420024
"AEG25",59226.3801459306,58193.0431188841,56691.0795194448,56219.1369573554,57762.1779012014,59963.6769003247,60058.8224096044,58285.3906049023,56784.5251755199,57768.3498713685,60122.7364981843,62931.1264804396,65040.4919223773,NA,65032.4315969506,62369.0893571404,58608.073460369,56872.436670165,58001.9836398921,59847.0214813897,60491.0233465548,59763.0199285497,60424.9932283655,63041.3915811736,66655.6695942309,67752.0416769413,64978.0554456895,61872.8052309566,60523.124562669,60065.6153738709
"AEG26",61748.337701548,61627.3918186869,62583.5959738498,64250.0180201568,65254.5685845643,64910.1908029769,63738.5711066972,62461.583392017,60689.7158109892,58814.6033240739,56911.2558701062,55827.9514957755,54483.5465912206,NA,52873.3505183236,52049.8623154387,52358.4785269645,54440.2374842762,57912.6298644353,61392.2741395309,63160.4958014129,63018.4210533415,63718.3880202097,65738.675410344,69084.1492308251,69653.0869420527,66239.3601931083,61517.7912010902,58266.8002419601,56950.0457770521
"AEG27",65028.547159209,64854.7573512435,65050.4153541525,65671.0598571859,66530.025188184,67578.7853144465,68752.7621186951,69773.9787518859,70137.7461972642,68661.5254681564,65446.4589605978,61514.228610926,58237.1439567641,NA,56503.5708806591,55217.5933978984,54196.8690848909,54667.765956564,57481.0186206034,61510.9163380895,65364.6253088438,68440.5775399628,71151.2620309371,74186.0183598459,77912.3820191838,79029.0794807551,75232.0144084161,69759.8465620423,66537.734213341,65907.1592252515
"AEG28",82087.5605013215,81989.3300563675,80646.0608244594,78968.3154458644,77193.5466087839,72897.0230848571,64402.4592496344,55286.7159807591,49630.9123557515,47266.9052307144,45784.4476152166,44542.076522542,44230.4432024544,NA,43498.6849556771,42872.7848664987,43268.9880416989,45678.2728225979,49696.9976898808,53330.1592609664,55079.7484045611,54831.5434976245,53641.963378135,52997.7670024635,54711.880115539,57081.0843141922,58078.0225174426,55518.5874196101,50929.6417305827,47542.7479375831
"AEG29",82772.7226895029,84182.4838047091,85726.7177599854,85689.3410279559,85041.0981035139,84870.6422082134,85318.1112486018,82618.7822592227,75701.068250152,66143.7526709404,58517.1660871905,56435.0061040581,59833.2030657974,NA,64287.7633107419,65228.7698582191,62066.7326695922,57987.220566169,57307.1916352681,60322.757111308,64222.0671867079,67113.0308900784,74123.826776166,87750.3927888862,105512.205950253,116194.245201244,112022.125686935,98024.1189467246,82617.1281096223,70821.3408297346
"AEG3",82508.1167471343,85678.8919874078,87901.9115037907,88305.264841258,89014.2110615104,89761.6734882666,87975.9568054772,81538.2757957164,72677.4034880602,64391.2484054039,58926.5265062421,55601.8720755771,53957.1405017311,NA,55428.3357045659,59336.3912435867,65129.2403459112,70864.0801126267,75163.5758160071,78248.879399912,80716.7498749384,82839.2606905897,83666.3532488738,82243.7024554865,79855.1608735916,78154.4506694954,77530.0178062929,77451.9764934398,76805.7811794056,75348.4276708327
"AEG30",93443.3532636664,92529.4906673281,90411.706308565,88972.4758208515,89421.777399746,89812.409961248,88685.2889988977,84640.7539124106,78861.3846859361,73439.6908534463,69344.9518255921,66142.2602152022,63687.1264480679,NA,63319.3030761115,65873.1174523359,71215.9365809662,75968.6558054595,77849.1595789944,77287.3196294323,76540.0876678602,77098.324845951,78418.1461962071,79796.0304316384,81856.6707306603,83416.2651921046,83112.1267830211,80007.0588319584,76556.6578394691,75275.1794931901
"AEG31",119942.668375735,121771.234640196,124038.968544314,124740.546085305,122988.948849381,119442.668746703,114008.211504004,105076.445378233,93827.8942578448,81932.383695067,71010.7871388723,64155.2313881235,61561.9079542156,NA,62176.6021586144,65084.7048548925,66860.5400827446,66137.2901915804,65413.6962974617,68768.7539522259,76383.9016697283,85908.4815862746,97659.0034506414,111511.590512905,125246.506187869,131560.472078806,129413.704440942,123506.562661311,119282.151631522,118375.117590967
"AEG32",69028.6849557646,64612.8847665713,60820.2919215773,59597.8022058105,61269.6140477498,63134.2288685115,63779.3830760514,63358.9187360415,62895.1555953383,62102.1659268831,60066.9110025671,57446.6551372603,54436.8213512737,NA,51660.086271139,49888.1682644467,49452.3417726738,50265.5108103058,51742.8469243403,53508.2738104348,55644.8511981361,57554.6531603158,59361.7771267963,60712.7006846919,62221.0566536928,62559.0892841599,61435.951003034,59423.0246924256,56967.0492581296,54692.8306380178
"AEG33",73004.8081149052,76427.5216090013,79831.5380072113,81005.1462368528,78954.5367105498,74591.3285108674,69352.4281101454,63952.5236595531,59496.1317050441,55761.1161888998,52289.3978347387,51253.2169806474,52681.9674401426,NA,53988.2291105851,51873.8774081374,46817.5632128715,41908.8009517567,41720.9862429344,46505.0528341897,52325.4035941159,56907.2163722848,61276.6494252597,66287.7943998795,70645.7952263605,71372.7385752819,68803.0501555346,65972.1056221226,65093.9722033715,65927.2055019627
"AEG34",75909.7135675397,81578.3100581839,85771.0885017903,87135.8068550349,86025.107778562,84662.1276407534,83393.1824015218,80990.5072074821,75242.2885940499,67488.5190786754,59422.6620543667,53300.1059066456,50168.7724063871,NA,50651.0393109095,54812.7619253799,60914.2866244853,65096.4296017686,64362.3014279082,60955.4497354145,59867.4713091099,63881.5505586006,70465.4706061545,75393.2524287171,76958.9213179012,77037.8966507171,77523.265469557,78045.7858352,77480.5365822713,76041.3802420313
"AEG35",79064.8724492548,80498.4737070809,83007.0957133942,84924.546110785,84446.8647153821,80594.5563156733,73123.3630884168,63365.2671999664,56271.318572439,53213.0620496818,52642.4533500956,52417.702649972,51413.5166666178,NA,49207.5383953578,47236.9191626505,47305.3875809225,49299.4068432655,53401.1521503121,59803.6770092006,66388.2809526908,70480.5032437062,74137.4737333118,78348.0706228954,83136.0562172013,85324.181656795,83133.4319167021,77947.5364465868,73565.7256826917,71968.8148526711
"AEG36",88440.82192248,88029.8362401289,85948.9619490706,83296.1454336707,82609.7821756228,83762.4231378725,82810.4828948659,76802.7996889876,69094.5339563454,63228.3810924738,60975.8333856856,62792.7113525401,66105.0608181791,NA,67952.2203509615,67239.9602650978,63609.1557394131,59689.59210795,57834.2719343082,58248.9782888662,60347.1092879129,62162.5220004076,62147.4169802514,60716.9859730161,61109.6026673695,63571.4427159863,66845.4553848588,69025.2950708985,69390.3652906097,68690.0772511828
"AEG37",77513.8984602997,80558.5290403816,83480.8682626773,84592.6903916256,82277.3384419384,75502.0289535677,65136.0026451497,54244.1983416732,47404.2139152004,47046.4404660148,51143.6896381812,56428.8485118795,60688.657977202,NA,63374.3490791266,64274.4314358622,62997.4383604405,60476.7265341492,59547.5404752191,61318.0391072118,64451.3885437191,67751.323373615,70672.1148670508,73182.5219041298,75829.7318533387,77516.992888849,78531.126599171,80055.300559494,82129.8089593751,83840.8780885002
"AEG38",85750.596876798,86358.4404985225,85616.6331130951,83624.3673352932,81640.0863349354,81135.9097640442,79704.6721303205,74483.9096242645,66662.6427204665,60318.7606858278,57499.0654692296,56136.8282444067,54651.1193674691,NA,53092.3848571956,53005.6831067134,54931.7464824365,57378.1034168892,58838.845355796,60241.6629155546,62814.9988889219,66433.1808389607,70882.1808756036,74746.6286749869,77695.1870976608,79325.3027053569,79235.3732477325,78103.3092144577,75919.2968322435,72957.4630320248
"AEG39",76215.738963028,77933.9280980764,76877.3488928751,73714.0695900373,70454.9357011066,69082.5146555875,68763.1646992207,67743.4223125291,65526.1738846591,61287.2146835462,55848.5815590316,52375.9935775169,53692.1438858517,NA,58638.518248924,62473.2857942489,63422.3514749612,60652.5842232682,55101.8391387297,51157.5709741953,53013.8859790266,58970.1711439192,64632.9983055366,68266.4686066289,72223.706015952,77035.770574565,81187.7795465224,82564.4007248183,80203.3496268007,75882.5701891399
"AEG4",52659.8960591428,53981.9787831929,56278.6407093152,59236.6755340416,62370.9050393097,63753.1397102024,62181.2339915629,59258.2605584371,56401.9448717328,53440.5165394657,49550.598604535,44866.6728500157,40789.2248561455,NA,40809.9581990441,46305.1739384732,52735.7983049695,55405.7335630087,54704.9625660784,53514.313326592,53049.4019810445,53768.0857297408,56219.7889485351,60144.8073262511,64245.5563592089,66776.2597454339,68060.5055192597,68727.3598468719,68831.7079524376,68524.9517090041
"AEG40",84125.2660451967,84372.8846380024,84731.8610449233,85490.9560073361,85989.8260888656,84810.4687552884,80984.8777538511,75809.3715224401,71994.0681717165,69891.8201627098,68413.2952556704,66328.1447142775,64702.3914174971,NA,64328.6265849547,64213.9785007498,64522.4726457322,64687.9034793922,65540.3943929363,67319.7369067487,69752.1868901143,72629.3269967438,76910.7198607696,80717.789126779,83597.5175412945,84575.1129408105,84390.8558764905,83523.3842787984,82543.6914788411,82064.2117620742
"AEG41",62155.4489600167,62997.2360367955,63529.0195510526,65042.2392961754,67642.6126653142,69201.2127569451,67136.9748360261,62343.5673432786,56628.6383898466,51833.9424294236,48925.0187974313,47209.4113665413,45439.4786244849,NA,44423.0236198402,44562.557290327,46681.3969045797,49782.775229968,53134.2047560029,57823.1458846616,64032.5476176016,68154.3313213843,68619.5819863823,65827.0157111777,62840.9039245003,61716.7517674134,62976.3673571262,65598.4275301015,67418.1366908329,67527.7690307566
"AEG42",80958.3725075328,81357.0625448958,81123.056043543,80364.4721443274,79754.7884617891,78054.7981144512,74181.126331696,68726.4365998265,63410.3518758105,59273.0005099486,56654.5980929192,55931.674498614,58280.3684581119,NA,60555.3186083033,60324.6573196294,57770.4539516109,54997.4943001189,54613.5736720234,56496.3504375785,59852.8688483306,64480.1567811839,70709.1809080458,75857.8309170422,79639.5582515115,79883.1004915668,76147.4119570042,71789.6593834519,69237.0255507261,68204.4826753349
"AEG43",71202.6311332427,71935.6557236762,72355.640556866,74308.3830121201,77903.2992852339,81301.6810224328,81480.3856892851,78043.1855915047,72926.1530598012,68604.770079881,65016.5081403703,61897.1218428013,59290.6813776601,NA,58405.329753575,60802.9086205024,64715.3598592871,68115.1594665578,69757.1552024375,71052.8950388523,73827.840693632,78129.4186612243,82221.5788852583,84162.9761757569,84950.6932331566,84722.4824464778,84570.0785482774,86133.7934638184,88514.4807267608,89826.5536173648
"AEG44",72093.7157323893,71666.060329166,71115.0221507543,70724.2474080731,69926.2599944502,68096.0736312848,64677.4042329826,60357.6920160157,56268.1975494795,52392.9308927298,49646.0647532241,48949.2839028944,50235.1676051681,NA,51164.8467560727,50535.6390605776,49345.968729314,49210.2520834958,50844.9926257561,54085.6471748124,57982.829435632,60779.1720336733,61383.638010817,58921.0323029726,55184.8648374385,52425.0109742487,53341.8289756921,56649.1243842436,59132.6020533862,59749.3122680984
"AEG45",81075.5897335541,82789.0109158908,84138.7430444765,84365.0879536306,83572.9694225738,81268.201914122,76864.3686184318,71293.0494178591,65806.0429324772,61262.7679396331,58637.4386148455,57942.0975104512,57711.1340212158,NA,57229.732276765,57313.1883688113,59159.6440213539,61283.3309680432,62419.3430211634,63582.5839868834,65556.1930996326,66186.4317673279,66041.1890243745,66631.8470092222,69382.797906201,73041.6584019445,75370.6985427034,75229.6265229291,73858.6483362789,72872.2653237293
"AEG46",71224.7840969843,75789.5877058986,79793.0294779653,80943.8673431096,78323.5464425993,73924.853392109,70137.0532090786,68158.3188857255,67936.5067269125,67566.8515258152,64330.4164520877,58682.8883719873,53797.1642569102,NA,50671.4344152661,49312.05770044,49622.2952098079,51251.7287721723,53601.4188567164,55606.0435160203,57078.1349583076,58394.3573880284,60015.93858893,61353.2587092717,62120.6640308465,62968.3809256974,66335.5011608375,71265.4768067598,76050.1526412568,79945.8399874811
"AEG47",87596.3232290475,87872.0120795504,88135.5107144353,88142.9800730972,89825.1183448167,92391.7256138033,93838.3822685309,92665.4215656421,89473.6249430979,83636.1345138889,77661.9109986663,74565.6592719214,75491.7845033784,NA,77374.2752852049,78120.8930785624,79065.5065565982,81716.5912358905,83535.3580671025,82773.5333142636,81530.621976753,82447.3568419471,84225.9922708949,83996.8344659548,81659.5766557542,79023.0896579303,79251.7985048552,82742.3360692387,87152.2228466351,90293.3479232654
"AEG48",87327.3657538815,88322.9151165394,88580.0234568502,88814.3868851778,89251.6285698706,89254.1345485005,88596.8035092859,87220.871283239,85915.2787529256,84024.0287294973,81385.1717885321,78288.2083119789,75550.380398812,NA,73552.8833108656,71813.4990397742,71132.0483517925,70604.3274574727,69946.74233796,70254.4620276377,72566.4692292541,76127.1990002036,81274.7865582771,88632.091000076,97131.4421456973,103024.499076427,103056.07838113,99539.2938204639,97363.6656026244,97923.9043078866
"AEG49",66880.8754134567,67519.9122130271,67188.6453415667,67508.3596212373,67368.7181088391,64112.831261271,60036.9380296807,61090.6183844506,65030.9133197805,66273.4630882468,63742.9836682145,59144.2384885072,54813.5051003153,NA,54001.5967815866,56320.3331172178,59155.7305617898,58877.555427109,56393.5612857065,54748.5011182422,56222.5037348968,60883.1527237562,66937.6941112851,71031.2742722385,74635.5396210278,75934.1655731685,73119.6047157181,68289.993265264,64219.2100653945,61694.3038993396
"AEG5",73842.986516547,73994.6213894726,74390.1460396845,74380.1129343256,73743.6641290646,71757.449863828,68319.006471214,64503.8537008292,61517.2598681953,59938.6477484384,58297.1077016795,56210.2294485103,54085.6867057266,NA,52164.1244887284,50296.1864940661,49771.7869878831,51805.2137815196,55650.2464822332,59155.0690362915,60685.833808689,61741.7624779891,63763.6777274484,65567.1412749259,66338.8808937988,64113.4798497644,60003.9656577369,56791.7251134453,55497.807775321,55308.2753818445
"AEG50",90098.3876340179,90525.7577761555,89948.0371220661,89528.2470105999,90538.4818434777,91520.8055399776,88212.1992226749,80667.4158480039,72251.6547969205,65559.0097252099,61474.0692975906,60359.2301033332,61410.2493788482,NA,62346.2793696172,62829.1142535616,64020.2130827607,66608.578264262,69587.5299313323,72660.0415484648,75287.3549595359,77664.3772086017,79655.249679872,79259.544438595,76891.5491332283,72720.0980873964,71050.8730632566,73516.6045397671,77197.4145526569,79366.8823082979
"AEG6",88900.0492067369,89865.6625342575,90207.5933308003,88456.231344356,84224.0607502391,78312.7254124342,70858.9591077378,63774.1528907162,59352.0007599963,57589.0905279744,57448.1763296302,58801.887692522,60847.4561799081,NA,63198.1899877491,65521.4680122538,65930.5236450607,64125.4108858349,62933.8135272383,63664.584602427,65606.4828295879,68718.4839448774,73034.2703198925,76074.6388952595,77058.8536550774,76746.9445462039,77142.6308831497,78614.3923994578,79661.4627058924,79532.4051476207
"AEG7",84368.4804204065,82367.2128168347,79154.6832858373,76543.1524179556,75626.9581530603,75363.967267761,73093.0715725152,68561.1366166811,64063.6018172076,61399.0343772241,60518.5777166273,61832.2336102192,65823.3305713497,NA,70057.1377937446,72903.4786859484,73595.7959959478,72213.4668983956,70277.1116491921,69253.3219376809,68810.1714519505,68541.1426845937,69630.833209131,71486.5461985841,73353.2816639011,73300.6373441518,70782.9132020154,68542.3219874237,67712.5467091468,67264.8733366519
"AEG8",80825.8388682531,80891.3231881382,80160.8588848416,78141.2754800958,74898.4593872804,71556.8467618592,69590.5324235827,68410.4890959853,66254.3460363301,63002.5445944216,60324.2089186173,59615.1100441771,60600.2221071252,NA,60683.6920513651,58350.4351819703,55730.4890910529,54306.002883935,54471.9580045878,55309.9502874853,57133.2432483722,60163.7792120066,63973.6691118907,67573.4320689036,70574.4876026191,72095.2738054842,72566.4076758945,73570.8917525713,75941.0703307618,78805.6017162852
"AEG9",78942.8134296147,77077.7880918094,73602.0277624381,68656.4914214338,66450.2533592366,68648.6141992272,72023.6839798628,73086.64523831,70649.1428637804,65837.4005866662,61531.9677132838,60475.9561642727,62439.4575318343,NA,65373.836346742,67075.3057395387,67750.5382163357,68538.7890716128,69332.8286771213,68411.037026854,66091.8728526906,64516.8394470336,63467.4765370793,60086.7954733475,56702.9992934515,55402.8187550301,56184.0359060542,57146.9075277762,56997.236434212,55990.387115327
"AEW20",48504.7846961019,48430.3818032998,49718.7901902918,51696.8099524935,52134.2848423264,49900.072548698,46173.9146020399,44264.8000558666,45614.6557878076,49484.3444217563,54271.3289389833,58011.8072286898,59871.0933052548,NA,60035.1470290889,59354.4220530899,58073.5166475952,55804.7242182071,53445.8248611191,53246.1899783975,55301.151998903,57139.8509529639,57187.4972413067,55369.294296021,52457.3639973794,49750.6704540609,47916.1198195145,47689.3617379425,48765.9195046297,49975.5095846258
"AEW21",48630.6714654833,49292.4327641751,49995.8968490823,49567.6757250002,47160.5391337183,44450.895159865,44120.2396052554,47279.2060600586,52212.0263313113,57000.1185994084,61291.0868730791,63682.3716068392,64028.1250798838,NA,62544.8489248623,60383.8383691279,58123.52028616,56163.4830821828,54589.7752290459,53740.8116834007,54321.2202975188,56184.2147703275,57074.330276139,55160.1043112336,51672.3767783754,49168.576752536,48813.2746194324,49771.5433085305,50328.2065098665,49888.2094180349
"AEW22",53192.2709894202,53707.6089077936,54223.0741644827,53473.8468227552,51000.0411201929,48464.2769701003,47482.8952996339,47845.0443055691,49276.9721899096,52094.4964675109,55563.9845855969,58345.2154786937,60014.5221814139,NA,60332.5635366435,59457.4164046431,58508.0367138277,57686.8328277364,57161.1143537681,56964.6964454656,57301.2955881655,57243.0569607972,56661.6943041169,55715.175275949,54407.2904261678,52982.540456089,51603.0668396489,50854.9568294206,50745.1470434305,50860.3023396699
"AEW23",47498.9853543069,44388.1188837853,41544.2828084522,39925.6123137111,40390.4907123691,42185.8944393513,43831.453501129,45353.4836253474,47898.3503056986,52863.4023382133,58791.0303928841,62927.1015212517,64071.7571163707,NA,64046.1945078476,64841.2835256659,65375.0745878509,64193.1659707803,62024.6295218014,59807.2837959434,58068.7527268482,56735.4378861142,56216.492550243,56493.9166981037,56133.3047094738,54250.5341894206,51925.4478924967,51134.6996355125,52471.7581007977,54771.0816704836
"AEW24",47962.3344223873,49293.6315888678,51066.5016326855,51759.0251462879,49944.4659133186,47214.1421937017,45386.5591189176,45545.3597935672,47708.1293383396,52685.8502595772,59390.6306470668,64468.2245492997,66142.8958009462,NA,65485.6988579235,64233.4346794123,62576.3843502601,60628.3764634388,58534.9768944173,56665.7597808708,56034.5642626783,56830.6989663432,57681.0260079508,56734.5216531964,53389.3445152242,48858.5170043181,45528.2347771343,44752.7793648138,45386.6197851579,45930.2869398986
"AEW25",47061.0634579989,46519.7834221186,45894.810964013,45360.2115000517,44927.9845737399,44442.9095929242,44414.3600847663,46271.2146724496,49785.1790527647,54384.5887872031,58447.0263205517,60308.1321605049,60037.8533251851,NA,58809.4013984058,58239.1435536915,59451.2243189189,61613.0237311895,63334.3854225497,63529.2980864182,62593.3451701909,61383.636148612,60757.749800049,59839.9196404128,56842.9946554262,52406.4590843269,48612.9010517708,47019.6924891712,47199.5829294657,47959.4313218221
"AEW26",46977.1484122488,46724.9122907726,47835.1540916396,49799.194546763,50296.6667589028,48853.6308002564,47112.5872056687,47308.4662481609,49514.4593692668,53482.2859433979,57854.7220662084,61465.0861629695,63803.6290253169,NA,64639.8579675438,63541.1808370176,61080.1251721241,58697.3640388694,57525.060127399,56828.3983973245,55587.7931058082,53959.3128431352,53230.2179512721,53548.7935773659,53658.4305631539,52383.3869621047,50317.6519156801,49077.0680907714,49354.2850425719,50489.0303739155
"AEW27",52523.6305659162,53320.9296568448,53743.3655330896,52190.2013141052,48467.0453290097,44440.2321480789,42812.8373599845,44841.6127042739,49181.4468314148,55211.5670152719,61289.7784022143,65006.430025662,65801.1496432,NA,64822.2492346565,63229.079880409,61629.4480338812,59861.2441485883,58182.0278896493,57598.9461522137,57797.047936711,57551.6822865919,57155.0399553534,56501.6538705609,55845.6199114672,54365.381307323,52206.1481314767,50339.0947501652,49727.571794288,50236.0148520086
"AEW28",47428.5015156284,46449.9958446191,46745.7352733449,47650.6384414587,47879.9677739751,47028.8481734416,46055.5270677621,46509.7715363831,49269.6129949279,54466.3212643821,60037.9195228675,62922.1063247218,62662.4815549182,NA,61258.5030534521,60060.2248189265,59224.3346742218,58599.0940916722,58680.9512623943,59155.8578661909,59710.1486814973,59690.4457013879,59093.6739119991,57883.4282987525,56094.704034343,53116.2258256608,49103.9381417887,45584.9637185884,43936.0452096651,44031.7424052578
"AEW29",60434.1701169464,61240.9272254885,61433.7738147801,60900.8973084006,59216.853939819,56709.582301538,54333.1413016464,53425.6170626321,54462.2545850408,56831.148682744,59669.5032319847,61280.3457596024,60612.206181841,NA,58699.2839679104,57250.6227148492,57158.4375723882,57782.2483806212,58327.044718685,58068.260096953,57398.5919846303,56900.5197997067,56984.7943473534,56905.7080162796,56185.0101671932,55145.0581114374,54068.3825513094,53472.4079471956,53769.2389134249,54643.3454425526
"AEW30",49709.6322039076,49773.4152714892,49944.9260305798,50150.5280566887,49966.8298391249,49085.7541966821,48126.7507912281,48890.7034390259,51814.3052021443,56461.828327219,60747.4222444998,62775.7864730093,62362.9293165914,NA,60920.5864116644,59864.2946278597,59600.1983240402,59096.7603322811,58329.5019911434,57835.8717101093,57294.9907343732,55632.0588655671,53040.039216053,51000.7292009691,50292.8300760293,50324.8024689628,49904.8428798083,48597.4160858982,47591.9330407959,47719.979798668
"AEW31",61781.8690596138,62308.0670639334,63112.645448102,63755.6826905517,63668.8537853775,62845.7306289214,61376.0574172385,60212.3447330471,59818.3656143344,60070.6942207945,60487.6484351865,61135.8386049653,62285.0018249905,NA,63844.8513116023,64767.9317240444,64942.7772086881,63610.0588687465,61596.3063481154,60398.2389443891,60386.2568581152,61020.2363567721,61997.6750309082,63269.6283873716,64269.5387124474,64385.4944953707,63717.102433286,63495.6259585935,64061.294045215,64755.84877623
"AEW32",63936.4219050852,63625.0034483051,63441.5353078898,63119.9439112357,63100.0926641845,63748.8894457673,64415.2793953942,63980.411487176,62209.9113214732,59901.665234959,57899.131478879,57280.3792600834,57756.4325763665,NA,58792.4550677273,59559.4059652541,59837.1419628508,59713.6630649992,59277.9041886327,59161.7296648039,59845.3915008226,60957.3976594158,61648.5327617694,61349.561913645,60301.4650241585,58831.8659991427,57691.5628325977,58007.751424311,60003.4301069703,62465.2798523212
"AEW33",65483.0382020541,64545.2143950097,64078.9884918754,63171.7392768645,60919.0197808895,57962.9185233929,56183.0890052678,56037.3150783949,56937.0298836082,58514.6097616831,59990.869995831,60738.8287776485,60262.1726212002,NA,59076.6414448207,57264.2991233286,55788.6357167914,54984.5979306163,54722.2784769789,55376.7163799752,56686.5566079984,57723.8668999465,58942.8933415486,61291.8374137363,64885.7639403601,67430.404153601,67267.6190594563,65649.793559174,64740.8409641495,64973.212345395
"AEW34",66003.0121713376,65268.7571658119,65098.7986042667,64836.4299107633,63118.8378570471,60172.11038034,57743.0655633883,56971.8129312723,57256.3618387686,58144.0626533134,59244.3382125286,60497.3754319876,61779.6478774386,NA,63163.6746407257,64447.0495506679,64516.2338404287,62912.8645773486,60401.0702212227,58343.3090756679,58060.8799203647,58965.8227255676,60055.0283428954,61732.750344828,64392.7025821343,66468.4987535214,65996.8277695351,63784.6289509185,62166.9776682089,61980.5869949725
"AEW35",50611.1019618981,49700.5678205391,49161.2138250174,49052.1548113912,48530.5929091207,47537.168568963,46127.4880466453,45546.6757116461,46646.6869437412,50275.4240068449,55774.2285657459,60639.9605399057,62916.4051693429,NA,61761.1385864779,59492.7072207656,58125.5109307735,57768.0665348006,57578.6358760995,57573.710050867,57328.1971123115,56272.948197035,54316.507986239,51910.7652177503,49325.1323844233,47471.0513178493,47263.3761716739,48716.002917677,51068.3357584037,53242.0389482963
"AEW36",50909.3639153573,51142.9060952853,51791.3593000921,51587.7667016224,49820.516872553,47234.7984537046,44995.4193868101,44522.9805679081,46234.7219585591,49552.3149431615,53059.3467183302,56305.625501155,58183.6688562049,NA,59023.9401637008,58733.7016164579,57582.8228636563,56374.9373517952,56048.36410037,56328.67461711,56767.1031825983,56519.3689543018,55603.4155655018,54260.6727974841,52600.6183526691,50183.3924309446,47570.0091821068,46321.3256767726,46828.003613314,48088.5552945045
"AEW37",52242.4909887586,53547.1116973841,55416.8900691844,56334.5321766241,54970.1767495881,51989.1340604729,49137.9932426435,47822.7226337784,48055.5640608012,50197.8349987111,53924.1135251458,57397.3724268854,59556.847351444,NA,60543.8616891756,60865.0958370135,60293.7669255387,58427.8747460287,55910.8748396052,54626.8123367167,55577.3101129586,57620.51329152,58572.555961724,56591.3382476659,52363.8162476942,47313.0880052811,44083.7054508702,43975.1257129337,46169.3842890233,48836.6473104889
"AEW38",49991.6219448279,50516.0613430784,52586.6796881128,54852.2881554648,54870.5903661474,52362.3484366243,48485.6316555058,45516.7757772989,45775.2629047612,50589.5467445984,57216.9229942735,61491.0562001096,62264.8302357745,NA,61908.316002375,62642.764550407,63873.3135915062,63971.7252614418,63042.3751030716,62104.3821965658,61529.6675305959,60047.2568366138,57116.5190498056,53568.5664520724,50588.4579081789,47903.1016985864,45407.7567349755,44313.9184276828,45133.6600231199,46815.0854724657
"AEW39",49593.2231631513,50349.7258493066,52163.4781893997,53331.3980880958,51728.959654013,48050.284488806,45675.3574300186,45954.0888674371,48762.2208866409,52934.0764324999,57245.761305028,60238.6424154797,61174.3956948429,NA,60170.6836500595,58081.092354854,56252.779420573,55140.8673594822,55062.4333837234,55580.2727646339,55121.1205846353,52703.507129747,49993.233896371,48853.614740821,49745.5338783237,51400.7773060873,52439.4208807784,53240.1273118261,53474.6269831447,52674.8571580168
"AEW40",48468.4593321018,47350.3408162912,46909.2211234093,46900.8215865984,46825.5148892699,46641.3796533117,46851.8438858677,48075.2031980747,50356.1553987443,54540.5655958839,59265.6377181359,62304.5065478207,62688.4044387867,NA,62502.0673884521,63143.3104520349,62707.1548126681,60803.2918055939,58446.5434107677,57163.1498758805,56327.1447388808,54974.7534837171,53136.6061484031,51611.5793932643,50731.3737091953,49297.7428293457,47343.1396751673,46280.9012560724,46141.2170255866,45995.2643850226
"AEW41",47283.5489489294,48359.767328198,49805.8039117375,50223.2743618471,49109.4614314458,47716.0907744351,47487.6431784588,48357.4179474893,50060.6895471667,53624.3965530826,58965.379327146,63226.4673480207,64386.6383952939,NA,63100.2798703678,60761.6903826743,58475.1755057825,57124.2638089855,56953.5889834691,57873.7943358177,58935.8042003793,59504.203571287,58816.8733399443,56865.8501522635,54219.0931636199,52059.0732812775,50073.8605921697,48299.0694654353,47140.7254025858,46564.1934793284
"AEW42",49666.9136940055,49700.5152633869,48719.4743083764,46433.8524029371,43572.7986887017,41491.045309524,41252.4865343194,43339.3194277977,47229.0839529145,52839.8480975095,58421.2375104361,61518.486740144,62183.9492572393,NA,61706.312339656,60143.6295403853,58069.7789203689,56084.4844072804,54956.2830401345,54968.1682362224,55919.790047891,57733.3155485733,59307.870462314,58761.9328127213,55488.9874569549,50709.5900013777,46869.227310562,45477.1236431769,45642.327307695,45965.4755530315
"AEW43",44992.1527907815,45464.4208936584,46523.336202682,47786.3344022959,48478.147988525,48269.0298118449,47503.3483364285,47164.8144243429,48925.0663335386,52644.5351094907,56502.0733050796,58068.8945398435,57586.2061592548,NA,55836.2396615893,53640.8125864552,51321.1188785553,50183.0908504673,50911.2152234196,52495.824156228,53405.5330143982,52552.3734953063,51147.5581128606,50130.4846318585,49687.6161667415,49363.2693508677,48736.2933190469,47815.9192103201,46579.3283981937,45270.6305844184
"AEW44",51511.5176790357,48745.427598139,46013.4609004894,44334.7244605837,43336.9826370489,42580.6720200187,42494.1116017818,43572.8012371982,45783.8950338129,48694.2625012218,52016.3900416338,55548.3363095454,58456.2713398467,NA,59571.7628992346,59174.7144815771,58054.6294153388,56923.4512317614,56064.9439002117,55440.6212866002,54761.3694474351,54261.3668385755,54048.9094900964,53694.5400192884,52736.1596298515,51134.7780778434,49558.8688229534,48811.0872906785,49186.3088479852,50155.0160599576
"AEW45",46949.8451169423,44425.965440123,42283.9064024698,41988.0989281035,42918.6386161192,42900.8083468538,41329.6363975983,40475.3003615487,42086.2789454035,46405.4691861434,52381.1881162677,57716.6607596986,61123.3226022834,NA,62596.0457214583,62748.8083250123,62709.3261546361,62724.1983303607,62571.3008073124,62135.9532219742,61176.5588656894,58943.6171952826,55868.0190309549,53291.5077861513,51597.0233938492,50052.3342755581,48033.9687944355,46034.937374519,44890.9471957163,44720.6430892813
"AEW46",51150.9970604195,51455.294076966,52056.1067017627,52317.2823490973,51293.6835910235,49390.9232997034,47510.753522981,46558.0446346282,47130.7460046989,49926.2550810852,53396.9296709973,55701.3304563936,57059.9641049822,NA,58851.3562595548,60783.154309528,60919.3663728024,58874.8639088095,56294.7939876948,54732.6165534911,54097.9850949249,54152.4241556643,54527.872238322,54492.2016151568,54097.5970797841,53066.6605250947,51393.10958448,49719.8808334468,48347.9233785146,47251.4525481634
"AEW47",58396.6680561402,59197.0414839646,59526.9813739875,58501.1223270724,55985.6036026377,53016.5327715997,50936.6133255669,50599.6840959218,52317.7389372263,55542.1245597183,58461.4131749933,59987.1758606326,60648.4171640715,NA,60921.599130933,60334.1452899324,58386.8908158602,56463.7376060876,55659.2319720342,56461.1606567162,58134.2707168223,59892.4178391782,60788.9996341974,60805.1644561402,60163.5740283882,58488.9573475148,56034.7011827897,54460.0277679164,53506.7104917879,52184.1588004265
"AEW48",54331.7747214449,50682.3090613849,47249.7529711437,44886.3785265056,43632.1200399178,43010.9571815308,43223.0678910764,44953.4597536532,48800.095681034,54196.0501783287,59228.1054645371,61537.474447491,61113.5363033809,NA,60028.867581243,60044.8488350938,60668.2549182806,60710.5877910394,59815.069407322,58257.9693222174,56881.5194054126,56060.8274078683,56024.4923689301,55689.9884873058,54089.8434205611,51495.9868480178,49137.7641444429,48174.5872535418,48779.510379498,50113.029794002
"AEW49",49979.6853406693,49188.2512575926,48689.315646385,48277.5283891312,47695.5240394394,46892.2963389848,46089.9330586438,45907.1771005915,47535.9453919712,51592.1101464657,56749.4844320003,60117.6689401565,61370.4768990988,NA,61779.3896498149,61121.9385611741,58901.5980953874,55401.6032949916,52861.1032827935,52139.3336302571,51829.7871014352,50764.3634014468,49466.4916218864,48280.590413317,46757.4111121442,45005.409402951,43390.8790605065,42769.2192290947,43304.6905015311,44265.0150285383
"AEW50",53433.3114110329,52376.9299655509,51713.6940093979,51825.3377127604,52469.1800732712,52735.70307503,51731.5937391485,49937.4298417776,49420.6887506821,52082.8261185272,56403.4693043225,59421.1141707207,60136.7600794864,NA,59743.1474004573,59376.5396870203,59464.7132042124,59504.018718993,59214.8835918171,58650.4215928776,58093.9268713145,57745.8854495208,58423.6670093899,59986.3361817888,61450.5044185836,60900.7196400357,58548.7230969817,56691.561158292,56190.2907173093,56302.1091899031
"AEW01",59925.5643473449,62328.1499437004,64609.6516334244,65339.0770405194,63430.6306112716,60268.9464116384,58775.020237862,59767.7877647069,61409.2398493981,61638.725022553,60678.0768666572,59708.6643958146,58697.9513860907,NA,57696.5636980542,57002.7228705787,56825.2651634798,56800.1209882309,56827.3719475185,56591.795361507,56355.1668476989,56341.3100061649,56349.4181593922,56205.3717013722,56394.3970751588,56710.7420458243,57586.8137949482,58779.0623947433,60121.9886246609,61522.6191440707
"AEW02",68614.535512647,70152.4505390449,71557.4077812546,72275.974448171,71597.0675294254,69795.4736259679,67597.7382831134,65884.2669842684,63863.4328033528,61783.9143505283,60897.0052282101,61555.8321633416,62431.6232110394,NA,62292.3370399872,61021.1555846096,59554.5608391261,59191.3710716123,59565.9846060143,59589.1124255899,59477.3608976399,59497.9930932313,59447.2661757206,59920.773715414,61214.8937836019,62994.0366139998,64751.0460955596,65713.6971619609,65604.2944029884,64989.0860921176
"AEW03",60628.3261748676,61878.0169892546,62827.3940579921,63037.2318637134,62217.0729553618,61349.0054856737,61006.8804159755,61217.2503956299,61976.6787731405,63051.8060938022,63043.0543818521,60852.1549645794,57359.6519381988,NA,55122.8296822285,54855.5290687254,55392.2891694712,55760.4248517696,55682.0162441439,55884.0101972547,56619.0477984607,58054.4238827981,59880.4862507645,61399.5325727442,62330.6378013836,63117.782571987,64062.7591419849,65019.8287125396,65878.113060946,66503.3704750704
"AEW04",50971.5446857949,51797.0186586967,52137.7504022809,51252.7548450377,49211.4070067869,47131.7310668767,46031.9700326543,45953.9730495783,47153.7551906778,49895.3780201378,52947.4734668859,55284.7475675661,56485.6396567187,NA,56636.9317600141,56201.9574102205,56047.5762419379,56448.8005178167,57298.1354228487,57936.1339132478,57897.2233905066,57219.2280118562,56267.2973546394,54794.9692368226,52679.3355831116,50389.8980949923,48710.3077889822,47951.9529010592,47780.3598770078,47813.9286377871
"AEW05",51236.5701487546,50933.8455991141,50842.3975275022,49742.6649727649,46965.8237472378,43554.2142947026,40910.0587277257,40533.0253543585,43001.7667604318,48103.1089813292,53895.5774578896,57963.4483133045,59713.8989635067,NA,59656.5915177036,58263.652169734,56210.5700348966,54647.6417032454,53483.9667403763,52883.724505085,52495.2475525991,52076.1056170906,51368.4685898646,50791.4273219413,51018.7010778439,51404.9711456553,50662.6294582148,49593.922247213,49449.1978924081,49966.6465184524
"AEW06",50632.4254596202,52967.8663153518,55399.1729948642,56383.3983358691,55017.2807183088,52286.4812546568,49689.4945375816,47936.1528520118,48345.1911178775,52261.6077360472,57635.7826604175,61168.7516925802,61657.4659688745,NA,60517.6921293123,59172.7864168558,58745.0598220056,59136.5040801794,59381.2446067236,58356.9927830939,56745.9494793966,55195.4416923292,53677.0877816766,52203.6725645615,50564.5906881873,48939.3628314795,47798.3475479012,47570.5708647983,48087.2625795926,48847.913606716
"AEW07",48831.4114164073,49064.7076545276,50685.0180706469,52735.0092120408,53360.3866117638,52402.8893893333,51068.8378087517,50887.3953972192,52750.4849127215,57120.4590367755,62343.4026251071,65558.811513214,65626.8837886845,NA,63875.7667225915,61696.2585260681,59663.1981841743,57932.3937246924,56777.1272606016,55685.1523248295,54500.4797318649,53341.8370138183,53205.9058520785,53591.4470786678,53561.6565517831,52367.6101373239,50641.2607672968,49767.23449164,50270.970276898,51476.0509836283
"AEW08",51827.0851309237,53133.2680485703,54853.1185031018,55458.1663611162,53873.4199156848,50609.9087664292,48046.8904334176,48242.2961614362,51167.9120850505,54959.1576208304,57120.5647518485,57642.6250065093,58217.0257754561,NA,60013.5993175304,62182.9259259401,63244.1770188852,62310.112318206,59770.9253812626,57432.82295664,56211.2188011773,55343.8312610251,54459.9957725622,52678.2512240165,50906.9851604586,49224.5366497466,48165.8436525967,48443.8469924578,50092.3097978735,52080.762624201
"AEW09",49869.2547551718,50654.2578687287,52298.1348493839,53604.0532683708,53063.4478512219,51413.1101254825,50333.3557348458,50431.3238284209,51800.8719602575,54872.1864716861,58582.55116602,60764.8557354023,60128.6784900295,NA,57415.8097940246,54503.6096206692,52337.6358834642,51333.6952958714,51545.5667601894,51683.779444616,50778.8743962145,49638.7220334583,48750.0240126369,48479.5022127532,49217.3488602786,50002.3908685444,50025.7475537333,50220.3693899192,51371.3490720626,52855.5329010826
"AEW10",55939.5540536404,57364.7325606704,58530.5269006987,59468.816431438,60071.7625104598,59859.0968232626,58722.5311429941,57327.0108529395,56837.2549822574,58064.557052408,59741.6264966028,60343.0054016008,59989.3621862891,NA,59593.0640333487,59395.270657893,58377.1632442973,57515.7356628529,58067.2360084893,59523.0531386045,60868.2806036887,61880.3875697667,62563.9325858726,63002.9900137922,62825.3858452357,61408.9380701491,59377.7183641674,58448.6694483985,58770.0287291915,59314.9224487556
"AEW11",60288.1316445511,61921.0283165083,63629.6035553291,64838.7201235524,64821.2968827356,64004.996479215,63603.1920846573,63321.5487757419,62128.8577483262,60712.2246746831,60015.1241629462,60091.6656609631,60678.7384375374,NA,61357.1444208638,60973.5723025543,59310.6094700647,57581.740202064,57318.9106042054,58405.5173360204,59866.7081483472,61035.0363283012,62289.8990635018,63954.7278720027,66203.9201596312,67687.9837391899,67321.8359822919,65727.8363750344,63736.4538379412,61909.0498765711
"AEW12",66753.7754896993,65944.6119491582,65062.6799430843,64477.1592709007,64100.6965074068,63255.386158662,62021.4852552456,61264.1899002984,61748.2036919535,62778.5130136307,62817.2980580795,61391.9145326218,60035.7236568433,NA,59952.4097312674,60823.5422234586,61280.2597581327,61203.6601817412,61473.1673218382,61103.8812770105,58999.8044457744,56649.850031571,55992.9366805948,56833.4044010182,58091.6655754686,59049.9453551724,59827.8938339226,60582.8087153171,61859.1964254099,63600.3931038008
"AEW13",58515.1941706212,59526.0607374729,59957.1023608502,59200.5473322411,57267.2645700011,55262.1310619387,54214.4278453905,54135.6540697498,54830.8535337107,56142.1930382247,56987.4393228581,56578.0152486366,55212.6102605499,NA,54558.0588005712,55253.1082135825,55926.3476482895,56614.4861463926,58161.1261307765,59903.6033978723,60906.9508157068,61508.3530286851,61986.168610488,62714.8381193443,64254.9841931475,65847.1785152256,65715.2929613191,64284.0965945542,62973.9991770375,62249.3671795795
"AEW14",61756.2936447789,64491.3779011807,67783.5199317961,69598.7236714424,68325.036131927,64736.5774640507,61339.8229763831,59882.1090753193,60302.0575953258,61352.3906724604,61806.5563532652,61366.2197042398,60675.7505654685,NA,60017.493270843,58841.6741709527,57499.1196877751,57182.615325113,58181.7560660604,59587.2885532343,60925.7212290529,62076.8469632057,63560.2261572041,64371.654217891,64125.2916341775,62483.1166025872,60757.4144064771,59803.2049997959,59469.8414851571,59438.8419080188
"AEW15",50714.2031474275,51543.3942023073,52238.0038267569,51641.4330825976,49308.2406524577,46925.8882196585,45792.1057413862,46195.3131749382,47966.9909971172,52245.1155834109,58165.4329113499,62506.4880781502,63687.572301421,NA,62997.6523171155,62697.079475002,62965.6586736603,63232.3031999581,63290.4388439819,62211.0637818384,59851.5937668877,56801.8519544872,53863.6120052681,51498.7352375519,50391.4703295832,49241.4407286718,47364.9239645566,45918.2770026564,45867.8873393894,46741.710772061
"AEW16",55763.6308979974,56433.0063259741,56083.3376145874,54542.396863332,52033.4419539024,49346.7471906312,47120.0764704333,46263.5040495691,48088.5034045302,52806.855977039,58926.1501530766,63777.570666705,66269.5384169079,NA,66375.165997359,65438.8672146497,64403.8871908507,63253.4113356727,61737.8055013529,60150.0448991119,59498.5048183746,59318.3874031292,58300.258259622,55485.1721011007,51449.0742670086,47074.4306655672,43631.0521339927,42660.6715741175,43987.3683154461,45952.3768947761
"AEW17",50428.0305166004,51662.7373162534,52986.3713944081,53391.9278041137,52141.9174195761,50053.423995622,48276.6193793363,47516.29240305,48684.0249301975,52351.3705853051,56924.2518698139,60187.4190488939,60834.3358061737,NA,60301.5993984082,59985.9752735421,59692.5008202174,58303.6821321766,55968.6130304918,54119.72060252,53944.5463715983,55403.9674408856,57702.0450530507,59399.7222111548,59668.4474314794,58255.4020629687,55600.4880482679,52874.327128598,51071.5077447538,50338.2924433531
"AEW18",50337.3820817484,49742.3435842051,49427.7505864915,49037.403915759,47851.3856755654,45821.0859681752,43704.5790521804,42734.3210433912,43984.1704646175,47615.0950384399,52436.9617109803,56285.3649067161,58605.6288806465,NA,59237.3567084887,58873.6642591692,58010.8650277957,56838.5623090247,55286.0546346956,53393.4963234625,52181.0507964275,52637.4429881361,54356.9692394656,55605.878410314,54504.15034381,51133.7315930285,47774.443574948,45856.6694521538,44746.5443972536,43833.4435221144
"AEW19",52257.7295560325,52597.1682109781,52452.158131463,51603.2825275083,50324.5485566035,48339.4679899731,46273.140659848,45843.4722811601,48047.9606796794,52788.1447353328,58077.3649699907,61178.0023458409,61446.549327779,NA,59614.6996020735,57944.1456601428,57583.3401647634,57895.6971192846,57961.550913248,57243.4636320227,56356.2867090593,55692.5092743524,55501.0297727438,55242.0177461561,54418.8161260538,52445.4665074729,50151.6576688589,48874.2561822447,48986.5878721057,49855.7565187528
